concept_id,topic,category,difficulty,source_title,source_url,reference_text,generated_title,post_content,summary,analogy,why_it_matters,tts_text,model,prompt_version
concept_001,What is machine learning?,foundations,beginner,,,,How Machines Learn to Spot Patterns and Make Smarter Choices,"Machine learning is like teaching computers to recognize patterns from data, much like how we learn from experience. Instead of giving explicit instructions, we feed machines examples, and they figure out the rules on their own. Imagine training a dog by showing it what to do rather than explaining the commands—it learns by doing and adapting. This approach powers everything from movie recommendations to voice assistants, making technology smarter and more personalized every day. Understanding this helps us see how machines are becoming partners in solving real-world problems.",Machine learning is a field of computer science where algorithms improve automatically through experience by analyzing data. It enables systems to identify patterns and make predictions without being explicitly programmed for specific tasks. This process is fundamental to many modern applications like recommendation systems and voice recognition.,"Picture this: teaching a dog tricks by showing it what to do instead of explaining each step—over time, it learns through practice and feedback.","Machine learning allows technology to improve over time and handle complex tasks, making tools more efficient and personalized. It’s behind many everyday conveniences that adapt to our needs.","Machine learning is like teaching computers to recognize patterns from data, much like how we learn from experience. Instead of giving explicit instructions, we feed machines examples, and they figure out the rules on their own. Imagine training a dog by showing it what to do rather than explaining the commands—it learns by doing and adapting. This approach powers everything from movie recommendations to voice assistants, making technology smarter and more personalized every day. Understanding this helps us see how machines are becoming partners in solving real-world problems.",gpt-4.1-mini,v2
concept_002,What is deep learning?,foundations,beginner,,,,How Deep Learning Teaches Computers to Think Like Us,"Deep learning is a way computers learn by example, much like how we recognize faces or understand speech without thinking about every detail. Imagine your brain as a giant network of connected neurons, and deep learning mimics this with layers of artificial neurons that process information step-by-step. This approach helps machines tackle complex tasks like translating languages, spotting diseases, or even driving cars. By letting computers learn from vast amounts of data, deep learning is unlocking smarter technology that feels almost human.","Deep learning is a subset of machine learning involving neural networks with multiple layers that enable computers to learn patterns from large amounts of data. It is used for complex tasks such as image and speech recognition, natural language processing, and autonomous driving. Deep learning models improve by adjusting connections between layers based on data inputs.","Picture this: deep learning is like teaching a child to recognize animals by showing many pictures instead of explaining each feature, allowing the child to learn patterns naturally.","Deep learning powers many everyday technologies, making devices smarter and more helpful. It enables breakthroughs in fields like healthcare, transportation, and communication.","Deep learning is a way computers learn by example, much like how we recognize faces or understand speech without thinking about every detail. Imagine your brain as a giant network of connected neurons, and deep learning mimics this with layers of artificial neurons that process information step-by-step. This approach helps machines tackle complex tasks like translating languages, spotting diseases, or even driving cars. By letting computers learn from vast amounts of data, deep learning is unlocking smarter technology that feels almost human.",gpt-4.1-mini,v2
concept_003,What is supervised learning?,foundations,beginner,,,,How Machines Learn from Examples: The Magic of Supervised Learning,"Supervised learning is like teaching a computer by showing it examples with clear answers, so it learns to make predictions on its own. Imagine training a dog by giving treats when it gets a trick right—over time, it understands what to do. This method powers things like email spam filters and voice assistants, helping them improve by learning from labeled data. It’s a simple yet powerful way to turn raw information into smart decisions that make everyday tech smarter and more helpful.","Supervised learning is a type of machine learning where models are trained on labeled data, meaning each example includes the input and the correct output. The model learns to map inputs to outputs to make accurate predictions on new, unseen data. This approach is widely used in tasks like classification and regression.","Think of teaching a dog tricks by rewarding it when it performs correctly, so it learns the right behavior over time.",Supervised learning enables many AI applications by allowing systems to learn from examples and improve their accuracy. This makes technology more reliable and useful in daily life.,"Supervised learning is like teaching a computer by showing it examples with clear answers so it learns to make predictions on its own. Imagine training a dog by giving treats when it gets a trick right. Over time, it understands what to do. This method powers things like email spam filters and voice assistants, helping them improve by learning from labeled data. It’s a simple yet powerful way to turn raw information into smart decisions that make everyday tech smarter and more helpful.",gpt-4.1-mini,v2
concept_004,What is unsupervised learning?,foundations,beginner,,,,How Machines Discover Hidden Patterns Without a Teacher,"Unsupervised learning is like giving a computer a mystery box of data and asking it to sort things out without any hints. Imagine trying to organize a messy closet without labels—your brain groups similar items together by color or type, and that's what unsupervised learning does with data. It finds patterns, clusters, or structures all on its own, revealing insights we might not have noticed. This approach is powerful because it helps us explore unknown data and uncover secrets that don’t come with clear instructions. In a world overflowing with information, unsupervised learning is the detective that makes sense of the chaos.","Unsupervised learning is a type of machine learning where algorithms analyze data without labeled responses. It identifies patterns, groups, or structures within the data independently. This method is useful for discovering hidden relationships in unlabeled datasets.","Picture this: sorting a box of mixed puzzle pieces without the picture on the box—you group pieces by color or shape to make sense of them, just like unsupervised learning groups data based on similarities.","Unsupervised learning helps identify trends and patterns in data where no prior labels exist, enabling discoveries in fields like customer segmentation and anomaly detection.","Unsupervised learning is like giving a computer a mystery box of data and asking it to sort things out without any hints. Imagine trying to organize a messy closet without labels—your brain groups similar items together by color or type, and that's what unsupervised learning does with data. It finds patterns, clusters, or structures all on its own, revealing insights we might not have noticed. This approach is powerful because it helps us explore unknown data and uncover secrets that don’t come with clear instructions. In a world overflowing with information, unsupervised learning is the detective that makes sense of the chaos.",gpt-4.1-mini,v2
concept_005,What is reinforcement learning?,foundations,intermediate,,,,How Machines Learn from Rewards to Make Smarter Choices,"Reinforcement learning is like training a pet, where an AI learns by trial and error, receiving rewards or penalties for its actions. Instead of being told what to do, it discovers the best moves by exploring and getting feedback, much like mastering a video game level through repeated attempts. This approach helps machines tackle complex problems where the right answer isn’t obvious upfront. Understanding reinforcement learning unlocks innovations in robotics, gaming, and even personalized recommendations, making technology smarter and more adaptive. It’s the secret sauce behind AI that improves through experience rather than explicit instructions.",Reinforcement learning is a type of machine learning where an agent learns to make decisions by receiving rewards or penalties based on its actions. The agent explores different strategies to maximize cumulative rewards over time. This process enables the development of policies that guide behavior in complex environments.,"Imagine training a dog to fetch: you reward it when it gets closer to the ball and withhold treats when it doesn’t, helping the dog learn the best way to play fetch over time.","Reinforcement learning powers technologies that must adapt to changing environments without explicit programming. It enables smarter automation, from self-driving cars to personalized user experiences.","Reinforcement learning is like training a pet, where an AI learns by trial and error, receiving rewards or penalties for its actions. Instead of being told what to do, it discovers the best moves by exploring and getting feedback, much like mastering a video game level through repeated attempts. This approach helps machines tackle complex problems where the right answer isn’t obvious upfront. Understanding reinforcement learning unlocks innovations in robotics, gaming, and even personalized recommendations, making technology smarter and more adaptive. It’s the secret sauce behind AI that improves through experience rather than explicit instructions.",gpt-4.1-mini,v2
concept_006,What is overfitting?,foundations,beginner,,,,When Your Model Memorizes Instead of Learns: The Overfitting Trap,"Overfitting happens when a model gets so good at remembering the training data that it struggles to handle anything new or different. Imagine a student who memorizes answers instead of understanding concepts—they ace the practice test but stumble on the real exam. This means the model performs well in familiar situations but fails to generalize in the real world. Catching overfitting early helps create smarter, more reliable AI that actually learns patterns instead of just repeating examples.","Overfitting occurs when a model fits the training data too closely, capturing noise instead of the underlying pattern. This leads to poor performance on new, unseen data. It is a common issue in machine learning that reduces a model's ability to generalize.",Imagine a student who memorizes answers for a practice test but struggles when faced with new questions on the actual exam.,"Avoiding overfitting ensures your model can make accurate predictions on real-world data, not just on what it's seen before. This is key for creating reliable AI applications.","Overfitting happens when a model gets so good at remembering the training data that it struggles to handle anything new or different. Imagine a student who memorizes answers instead of understanding concepts—they ace the practice test but stumble on the real exam. This means the model performs well in familiar situations but fails to generalize in the real world. Catching overfitting early helps create smarter, more reliable AI that actually learns patterns instead of just repeating examples.",gpt-4.1-mini,v2
concept_007,What is a neural network?,neural_networks,beginner,,,,How Neural Networks Mimic Your Brain to Power Smart Tech,"Neural networks are computer systems inspired by the way our brains work, designed to recognize patterns and solve problems. Imagine teaching a child to spot cats in photos by showing many examples—that's how neural networks learn from data. They connect layers of simple units, like neurons, to process information and make decisions. This ability to learn and improve over time is why neural networks power everything from voice assistants to self-driving cars. Understanding them helps us see how AI adapts and gets smarter every day.","A neural network is a computational model inspired by the structure and function of the human brain. It consists of interconnected layers of nodes called neurons that process data and learn patterns. Neural networks enable machines to perform tasks such as image recognition, language understanding, and decision-making.","Picture this: a neural network is like a team of tiny detectives, each specializing in spotting clues, working together to crack a complex case.","Neural networks enable many AI applications we use daily, making technology smarter and more intuitive. They help automate tasks, improve accuracy, and enhance user experiences across industries.","Neural networks are computer systems inspired by the way our brains work, designed to recognize patterns and solve problems. Imagine teaching a child to spot cats in photos by showing many examples—that's how neural networks learn from data. They connect layers of simple units, like neurons, to process information and make decisions. This ability to learn and improve over time is why neural networks power everything from voice assistants to self-driving cars. Understanding them helps us see how AI adapts and gets smarter every day.",gpt-4.1-mini,v2
concept_008,What is backpropagation?,neural_networks,intermediate,,,,How Neural Networks Learn from Their Mistakes in Real Time,"Backpropagation is the secret sauce that helps neural networks improve by learning from their errors. Imagine training a dog to fetch—you give feedback when it gets closer, guiding it toward the right behavior. Similarly, backpropagation works by sending the error signal backward through the network, adjusting the weights that led to wrong predictions. This process ensures the network gradually fine-tunes itself, becoming smarter with each example it processes. Without backpropagation, modern AI wouldn’t be able to learn complex tasks like image recognition or language translation.","Backpropagation is an algorithm used to train neural networks by calculating the gradient of the loss function with respect to each weight through the chain rule. It propagates the error backward from the output layer to the input layer, enabling the network to update its weights and minimize prediction errors. This iterative process helps the network improve its performance over time.","Picture this: if a neural network is like a student solving math problems, backpropagation is the teacher marking the mistakes and explaining how to correct them, guiding the student to get better answers next time.","Backpropagation is fundamental because it enables neural networks to learn from data efficiently, powering applications like voice assistants, self-driving cars, and personalized recommendations.","Backpropagation is the secret sauce that helps neural networks improve by learning from their errors. Imagine training a dog to fetch—you give feedback when it gets closer, guiding it toward the right behavior. Similarly, backpropagation works by sending the error signal backward through the network, adjusting the weights that led to wrong predictions. This process ensures the network gradually fine-tunes itself, becoming smarter with each example it processes. Without backpropagation, modern AI wouldn’t be able to learn complex tasks like image recognition or language translation.",gpt-4.1-mini,v2
concept_009,What is gradient descent?,neural_networks,beginner,,,,How Gradient Descent Helps Machines Learn Step by Step,"Gradient descent is like a guide that helps a machine learn by taking small steps toward the best solution. Imagine trying to find the lowest point in a foggy valley by feeling around with your feet one step at a time—that's how gradient descent adjusts a model to improve its predictions. Each step moves the model closer to minimizing errors, making it smarter over time. This process is essential because it powers how neural networks and many AI systems get better with experience, turning messy data into clear insights.",Gradient descent is an optimization algorithm used to minimize the error of a model by iteratively adjusting parameters in the direction that reduces the loss. It works by calculating the gradient (or slope) of the loss function and moving parameters in the opposite direction. This helps neural networks improve their predictions over time.,"Picture this: finding the lowest point in a foggy valley by feeling your way down step by step, adjusting your path as you go.","Gradient descent is crucial because it allows AI models to learn from data efficiently, improving accuracy in tasks like image recognition and language processing.","Gradient descent is like a guide that helps a machine learn by taking small steps toward the best solution. Imagine trying to find the lowest point in a foggy valley by feeling around with your feet one step at a time—that's how gradient descent adjusts a model to improve its predictions. Each step moves the model closer to minimizing errors, making it smarter over time. This process is essential because it powers how neural networks and many AI systems get better with experience, turning messy data into clear insights.",gpt-4.1-mini,v2
concept_010,What is a loss function?,neural_networks,beginner,,,,Why Loss Functions Are the Secret Sauce Behind Smarter AI,"Imagine training a neural network as teaching a child to throw darts at a target. The loss function is like the scorekeeper, measuring how far each dart lands from the bullseye and telling the child how to improve. In AI, this function calculates how well the model’s predictions match reality, guiding it to get better with every attempt. Without this feedback, the model would be guessing blindly. That’s why loss functions are crucial—they turn mistakes into meaningful lessons for smarter machines.",A loss function measures the difference between a neural network's predictions and the actual results. It quantifies errors so the model can adjust and improve its accuracy during training. This process helps the network learn from mistakes and make better predictions.,"Imagine teaching a child to throw darts at a target, where the loss function acts as the scorekeeper showing how close each throw lands to the bullseye.","Loss functions provide essential feedback that helps AI models improve over time. Without them, machines wouldn’t know how to correct their errors or enhance performance.","Imagine training a neural network like teaching a child to throw darts at a target. The loss function works like the scorekeeper, measuring how far each dart lands from the bullseye and showing the child how to get better. In AI, it calculates how well the model’s guesses match reality and guides it to improve with each try. Without this, the model would be guessing blindly. So, loss functions are key because they turn mistakes into lessons for smarter machines.",gpt-4.1-mini,v2
concept_011,What are activation functions?,neural_networks,intermediate,,,,Why Activation Functions Are the Secret Sauce of Neural Networks,"Activation functions act like decision-makers inside a neural network, deciding which signals get passed along and which don’t. Imagine them as traffic lights that either let information flow or stop it, adding non-linearity that helps networks learn complex patterns instead of just straight lines. Without them, neural networks would be no more powerful than simple math equations, missing the magic needed to recognize images, understand speech, or predict trends. They turn raw numbers into meaningful decisions, making AI smarter and more flexible. This subtle role is what brings neural networks to life beyond basic calculations.","Activation functions introduce non-linearity into neural networks, enabling them to model complex relationships. They decide whether a neuron should be activated based on input signals, allowing the network to learn and perform tasks like classification and prediction. Without activation functions, neural networks would behave like simple linear models.","Picture this: activation functions are like traffic lights at intersections, controlling whether information can move forward or must stop, ensuring smooth and complex flow through the network.","Activation functions enable neural networks to capture intricate patterns in data, which is essential for tasks like image recognition and natural language processing. They transform simple computations into powerful decision-making processes.","Activation functions act like decision-makers inside a neural network, deciding which signals get passed along and which don’t. Imagine them as traffic lights that either let information flow or stop it, adding non-linearity that helps networks learn complex patterns instead of just straight lines. Without them, neural networks would be no more powerful than simple math equations, missing the magic needed to recognize images, understand speech, or predict trends. They turn raw numbers into meaningful decisions, making AI smarter and more flexible. This subtle role is what brings neural networks to life beyond basic calculations.",gpt-4.1-mini,v2
concept_012,Why do neural networks need hidden layers?,neural_networks,intermediate,,,,Hidden Layers: The Secret Sauce That Makes Neural Networks Smarter,"Neural networks need hidden layers because they act like the brain’s problem solvers, breaking down complex tasks into manageable pieces. Imagine trying to recognize a face just by looking at pixels—hidden layers help the network spot patterns like edges, shapes, and textures step-by-step. Without these layers, a network would struggle to understand anything beyond simple, direct relationships. This layered approach allows AI to learn subtle details that make all the difference, from voice recognition to self-driving cars. In short, hidden layers turn raw data into meaningful insights, making neural networks powerful and flexible.","Hidden layers in neural networks enable the model to learn and represent complex patterns by transforming inputs through multiple stages. Each hidden layer extracts features at different levels of abstraction, allowing the network to solve non-linear problems. Without hidden layers, neural networks would be limited to simple linear mappings.","Think of hidden layers as a team of detectives, each specializing in uncovering different clues before solving the mystery together.",Hidden layers enable neural networks to tackle complex real-world problems by learning intricate patterns. This capability is essential for applications like image recognition and natural language processing.,"Neural networks need hidden layers because they act like the brain’s problem solvers, breaking down complex tasks into manageable pieces. Imagine trying to recognize a face just by looking at pixels—hidden layers help the network spot patterns like edges, shapes, and textures step-by-step. Without these layers, a network would struggle to understand anything beyond simple, direct relationships. This layered approach allows AI to learn subtle details that make all the difference, from voice recognition to self-driving cars. In short, hidden layers turn raw data into meaningful insights, making neural networks powerful and flexible.",gpt-4.1-mini,v2
concept_013,What is a transformer model?,llms,beginner,,,,How Transformer Models Changed the Game for Language AI,"Transformer models are like the brainpower behind smart language tools that understand context better than ever before. Imagine reading a whole book and instantly knowing which parts connect, even if they’re far apart—that’s what transformers do with words, capturing relationships across sentences. This ability helps apps like chatbots and translators sound more natural and accurate, making our digital conversations feel smoother. By focusing on all parts of a sentence at once instead of one word at a time, transformers unlock faster and deeper language understanding. It’s why today’s AI can write stories, answer questions, and even create poetry with surprising skill.","Transformer models are a type of neural network designed to process language by paying attention to relationships between all words in a sentence or passage simultaneously. They use attention mechanisms to capture context and meaning, enabling more accurate understanding and generation of text. This approach allows for improved performance in tasks like translation, summarization, and conversational AI.","Think of a transformer model like a team of detectives who examine every clue in a case all at once, rather than one by one, to quickly understand the full story.","Transformer models power many everyday AI tools, improving how machines understand and generate language, which enhances communication and productivity. They make technologies like virtual assistants and real-time translators smarter and more helpful.","Transformer models are like the brainpower behind smart language tools that understand context better than ever before. Imagine reading a whole book and instantly knowing which parts connect, even if they’re far apart—that’s what transformers do with words, capturing relationships across sentences. This ability helps apps like chatbots and translators sound more natural and accurate, making our digital conversations feel smoother. By focusing on all parts of a sentence at once instead of one word at a time, transformers unlock faster and deeper language understanding. It’s why today’s AI can write stories, answer questions, and even create poetry with surprising skill.",gpt-4.1-mini,v2
concept_014,What is attention in AI?,llms,intermediate,,,,How AI’s Attention Mechanism Mimics Human Focus to Boost Language Understanding,"Attention in AI is like a spotlight that helps models zoom in on the most important parts of input data, allowing them to understand context better and produce smarter responses. Imagine reading a book and highlighting key sentences that matter most—that’s what attention does but at lightning speed and scale. This mechanism changed the game for language models, making them far better at handling complex tasks like translation or summarization. Without attention, AI would struggle to connect ideas across long sentences or paragraphs, leading to shallow or confused outputs. It’s the secret sauce behind why AI can ‘pay attention’ just like we do, making interactions feel more natural and accurate.",Attention in AI is a mechanism that allows models to focus on relevant parts of input data when processing information. It enables better context understanding by weighting different elements based on their importance. This technique is crucial for improving performance in tasks like language translation and text generation.,Picture this: attention in AI is like a highlighter pen that marks the most important words or phrases in a text so the model knows where to concentrate its efforts.,"Attention mechanisms allow AI models to understand and generate more coherent and context-aware language, improving user experiences in chatbots, translators, and other language-based applications.","Attention in AI works like a spotlight that helps models focus on the most important parts of what they’re reading, so they understand context better and can give smarter answers. It’s like when you highlight key sentences in a book, but AI does this super fast and on a huge scale. This helps language models handle complex tasks like translation or summarizing text much more effectively. Without attention, AI would miss connections across long sentences and produce less accurate responses.",gpt-4.1-mini,v2
concept_015,What are tokens in large language models?,llms,beginner,,,,Why Tokens Are the Secret Language Behind AI Conversations,"Tokens are the building blocks that large language models use to understand and generate text. Imagine breaking down a sentence into smaller pieces—these pieces can be whole words, parts of words, or even characters. This helps the AI process language more flexibly, like how we might piece together a puzzle to see the full picture. Without tokens, the model wouldn’t know how to handle new words or complex sentences. Understanding tokens gives you a glimpse into how AI truly ‘reads’ and ‘writes’ in a way that feels natural.","Tokens are units of text that large language models use to process language. They can represent whole words, parts of words, or characters, allowing the model to handle diverse and complex language input. Tokens are essential for converting human language into a format that AI can analyze and generate.","Think of tokens like puzzle pieces that fit together to form a complete image, where each piece can be a word or part of one.",Knowing about tokens helps you understand how AI breaks down language to generate meaningful responses. This insight is key for anyone working with or curious about AI text generation.,"Tokens are the building blocks that large language models use to understand and generate text. Imagine breaking down a sentence into smaller pieces—these pieces can be whole words, parts of words, or even characters. This helps the AI process language more flexibly, like how we might piece together a puzzle to see the full picture. Without tokens, the model wouldn’t know how to handle new words or complex sentences. Understanding tokens gives you a glimpse into how AI truly reads and writes in a way that feels natural.",gpt-4.1-mini,v2
concept_016,What are embeddings?,llms,beginner,,,,How Embeddings Turn Words Into Meaningful Numbers,"Embeddings are a clever way for computers to understand language by turning words into lists of numbers that capture their meaning. Imagine each word as a point in a vast map where similar words live close together—this helps machines grasp context and relationships. Just like how we organize photos by theme or color, embeddings organize language so AI can find patterns and make smarter decisions. Without embeddings, it would be much harder for AI to understand nuances or connect ideas in text. They’re the secret sauce powering everything from search engines to chatbots.","Embeddings convert words into numerical vectors that represent their meanings in a multi-dimensional space. This representation allows machines to understand relationships between words based on context. Embeddings are fundamental in natural language processing tasks such as search, translation, and text generation.","Picture this: embeddings are like placing words on a map where similar meanings are neighborhoods close to each other, making it easy to find related words.","Embeddings enable AI systems to understand and process language more naturally, improving tasks like recommending content or answering questions accurately.","Embeddings are a clever way for computers to understand language by turning words into lists of numbers that capture their meaning. Imagine each word as a point in a vast map where similar words live close together, which helps machines grasp context and relationships. Just like how we organize photos by theme or color, embeddings organize language so AI can find patterns and make smarter decisions. Without embeddings, it would be much harder for AI to understand nuances or connect ideas in text. They’re the secret sauce powering everything from search engines to chatbots.",gpt-4.1-mini,v2
concept_017,What is prompt engineering?,llms,beginner,,,,How Crafting the Right Question Unlocks AI’s Full Power,"Prompt engineering is all about asking AI just the right question to get the best answer. Imagine you’re giving directions to a friend; the clearer and more specific you are, the easier it is for them to help. Similarly, with AI, small tweaks in wording can completely change the response you get. This skill helps you unlock smarter, more useful results from language models, making your interactions with AI much more effective and rewarding.",Prompt engineering involves designing and refining inputs to language models to produce desired outputs. It focuses on how the wording and structure of a prompt influence the AI’s response. This technique improves the quality and relevance of AI-generated content.,"Picture this: giving directions to a friend—if your instructions are clear and precise, they'll reach the destination faster; the same goes for crafting prompts for AI.","Knowing how to engineer prompts helps you get accurate and relevant answers from AI tools, saving time and enhancing productivity.","Prompt engineering is all about asking AI just the right question to get the best answer. Imagine you’re giving directions to a friend; the clearer and more specific you are, the easier it is for them to help. Similarly, with AI, small tweaks in wording can completely change the response you get. This skill helps you unlock smarter, more useful results from language models, making your interactions with AI much more effective and rewarding.",gpt-4.1-mini,v2
concept_018,What is context window in an LLM?,llms,intermediate,,,,Why Your AI’s Memory Limit Shapes Every Chat You Have,"The context window in a large language model (LLM) is like its short-term memory—it's the slice of text the AI can 'see' and consider at once when generating responses. Imagine trying to hold a conversation but only being able to remember the last few sentences; this limited view shapes how well the AI understands and continues the dialogue. The size of this window affects everything from how coherent the AI’s replies are to how much information it can process in one go. As models grow, expanding the context window means they can handle longer documents or more complex interactions without losing track. This subtle constraint is why some AI chats feel spot-on, while others might forget what was said just moments before.","The context window in an LLM defines the maximum amount of text the model can process at once when generating responses. It acts as a limited buffer of recent input, influencing how well the AI understands and maintains coherence. Larger context windows allow the model to handle longer inputs and more detailed interactions effectively.","Picture this: the context window is like a desk where you can only spread out a certain number of papers at once. If the desk is small, you can only focus on a few documents; if it's larger, you can review more information together to make better decisions.","Understanding context windows helps explain why AI models sometimes lose track in long conversations. Expanding this window improves the AI's ability to maintain context, making interactions smoother and more useful.","The context window in a large language model is like its short-term memory—it's the slice of text the AI can see and consider at once when coming up with responses. Imagine trying to have a conversation but only remembering the last few sentences; this limited view shapes how well the AI understands and keeps the dialogue going. The size of this window affects everything from how coherent the replies are to how much info the AI can handle at once. As models grow, bigger context windows mean they can process longer documents or more complex chats without losing track. This is why some AI conversations feel really on point, while others might forget what was just said.",gpt-4.1-mini,v2
concept_019,What is RAG?,retrieval_and_memory,beginner,,,,How RAG Supercharges AI by Combining Memory and Search,"RAG, or Retrieval-Augmented Generation, is a clever way AI boosts its answers by mixing stored knowledge with fresh information from external sources. Imagine having a super-smart friend who not only remembers a lot but also quickly looks things up when needed, giving you richer, more accurate responses. This approach helps AI tackle questions beyond its training, making it more reliable and up-to-date. By blending retrieval and generation, RAG unlocks smarter conversations and better problem-solving in real time.",Retrieval-Augmented Generation (RAG) combines AI’s internal knowledge with information retrieved from external sources to generate more accurate and relevant responses. It enhances the AI’s ability to answer questions beyond its training data by accessing up-to-date or specialized information.,"Think of RAG like a chef who not only knows recipes by heart but also checks fresh ingredients in the pantry before cooking, ensuring the meal is perfect every time.","RAG makes AI systems more reliable and versatile by allowing them to access current and specific information, improving the quality of answers. This is especially useful in fields where up-to-date knowledge is essential.","RAG, or Retrieval-Augmented Generation, is a clever way AI boosts its answers by mixing stored knowledge with fresh information from external sources. Imagine having a super-smart friend who not only remembers a lot but also quickly looks things up when needed, giving you richer, more accurate responses. This approach helps AI tackle questions beyond its training, making it more reliable and up-to-date. By blending retrieval and generation, RAG unlocks smarter conversations and better problem-solving in real time.",gpt-4.1-mini,v2
concept_020,RAG vs fine-tuning,retrieval_and_memory,intermediate,,,,Why RAG and Fine-Tuning Are Your AI’s Secret Weapons — and When to Use Each,"Imagine your AI as a curious student: Retrieval-Augmented Generation (RAG) acts like a smart librarian, fetching fresh info from a vast library every time you ask a question, while fine-tuning is more like personal tutoring, where the AI learns deeply from specific examples to improve its answers. RAG shines when you need up-to-date or niche knowledge without retraining, making it flexible and efficient. On the other hand, fine-tuning tailors the AI’s responses by adjusting its internal understanding, which is great for specialized tasks but can be time-consuming. Knowing when to pick RAG or fine-tuning can save you time and get better results depending on your needs.","Retrieval-Augmented Generation (RAG) combines external knowledge retrieval with generation to provide updated and context-specific answers, while fine-tuning involves adjusting the AI model’s parameters using specialized datasets to improve performance on specific tasks. RAG allows flexibility without retraining, whereas fine-tuning customizes the model but requires additional training time.","Picture this: RAG is like having a researcher who quickly grabs the latest books and articles for you, while fine-tuning is like coaching a student to master a subject deeply through focused lessons.","Understanding the difference helps you choose the best approach to get accurate, relevant AI responses without unnecessary delays or costs.","Imagine your AI as a curious student. Retrieval-Augmented Generation, or RAG, works like a smart librarian who fetches fresh information from a big library every time you ask a question. Fine-tuning, on the other hand, is like giving the AI personal tutoring so it learns deeply from specific examples. RAG is great when you want up-to-date or niche knowledge quickly, while fine-tuning helps the AI get better at specialized tasks. Knowing when to use each can save you time and get better results.",gpt-4.1-mini,v2
concept_021,What is a vector database?,retrieval_and_memory,intermediate,,,,How Vector Databases Power Smarter Searches Behind the Scenes,"A vector database stores information as numerical vectors, capturing the essence of data like images, text, or audio in a way that machines can understand similarity beyond exact matches. Imagine searching for a song by humming a tune instead of knowing the title—vector databases enable that kind of fuzzy, intuitive search. By mapping complex data into high-dimensional spaces, they unlock faster, more relevant retrieval in AI-driven applications. This means smarter recommendations, improved natural language understanding, and better handling of unstructured data. In a world drowning in information, vector databases help us find what truly matters.","A vector database organizes data as numerical vectors that represent features of complex information like text, images, or audio. It enables similarity-based searches by comparing these vectors in high-dimensional space. This approach improves retrieval accuracy for AI applications handling unstructured data.","Imagine a library where instead of organizing books by title or author, they're arranged by the vibe and themes of their stories, so you can find similar reads even if you don't know exact details.","Vector databases allow technology to understand and retrieve information based on meaning and similarity, not just exact matches, making searches and recommendations more intuitive and effective.","A vector database stores information as numerical vectors that capture the essence of things like images, text, or audio in a way machines can understand similarity beyond exact matches. Imagine searching for a song just by humming instead of knowing the title—vector databases let you do that kind of fuzzy, intuitive search. By mapping complex data into high-dimensional spaces, they make retrieval faster and more relevant in AI applications, leading to smarter recommendations and better handling of unstructured data. In a world full of information, vector databases help us find what truly matters.",gpt-4.1-mini,v2
concept_022,What is semantic search?,retrieval_and_memory,beginner,,,,"How Search Learns What You Really Mean, Not Just What You Type","Semantic search goes beyond matching exact words by understanding the meaning behind your query, much like how you’d chat with a friend who knows your intent. Instead of just looking for keywords, it interprets context and relationships between words to find the most relevant results. Imagine asking for 'best places to eat near me' and getting suggestions that consider your preferences and location, not just the phrase itself. This approach makes searching smarter and more intuitive, saving you time and frustration. It’s like having a search engine that truly gets what you’re after.",Semantic search improves information retrieval by understanding the intent and contextual meaning behind queries instead of relying solely on keyword matching. It analyzes relationships between words to provide more relevant results. This method enhances the accuracy and usefulness of search outcomes.,Think of semantic search like a helpful librarian who doesn’t just look for exact book titles but understands the topic you’re interested in and recommends the best options.,"Semantic search helps users find more accurate and relevant information quickly, improving efficiency in everyday tasks like online shopping, research, or finding local services.","Semantic search goes beyond matching exact words by understanding the meaning behind your query, much like how you’d chat with a friend who knows your intent. Instead of just looking for keywords, it interprets context and relationships between words to find the most relevant results. Imagine asking for 'best places to eat near me' and getting suggestions that consider your preferences and location, not just the phrase itself. This approach makes searching smarter and more intuitive, saving you time and frustration. It’s like having a search engine that truly gets what you’re after.",gpt-4.1-mini,v2
concept_023,What is chunking in RAG systems?,retrieval_and_memory,intermediate,,,,How Chunking Supercharges RAG Systems for Smarter Retrieval,"Chunking in Retrieval-Augmented Generation (RAG) systems breaks down large amounts of text into manageable, meaningful pieces, making it easier for the system to find and use relevant information quickly. Imagine trying to find a needle in a haystack versus sorting the hay into neat bundles—chunking does the latter for data. This approach helps the AI avoid information overload, leading to faster and more accurate responses. By organizing knowledge into chunks, RAG systems mimic how our brains store and recall information, bridging memory with retrieval seamlessly.","Chunking in RAG systems involves dividing large texts into smaller, meaningful segments to improve information retrieval. This process enhances the system’s ability to locate and generate precise responses by reducing complexity and focusing on relevant data chunks.",Imagine trying to find a needle in a haystack versus sorting the hay into neat bundles—chunking does the latter for data.,"Chunking enables RAG systems to retrieve information more efficiently and accurately, improving the quality and speed of AI-generated answers.","Chunking in Retrieval-Augmented Generation systems breaks down large amounts of text into manageable, meaningful pieces, making it easier for the system to find and use relevant information quickly. Imagine trying to find a needle in a haystack versus sorting the hay into neat bundles—chunking does the latter for data. This approach helps the AI avoid information overload, leading to faster and more accurate responses. By organizing knowledge into chunks, RAG systems mimic how our brains store and recall information, bridging memory with retrieval seamlessly.",gpt-4.1-mini,v2
concept_024,What is memory in an AI assistant?,retrieval_and_memory,intermediate,,,,How AI Memory Turns Your Assistant Into a Helpful Sidekick,"Memory in an AI assistant is what lets it remember past interactions and personalize responses, much like a friend recalling your favorite coffee order. Without memory, every chat would feel like a fresh start, losing context and relevance. This ability to retrieve and store information helps the assistant anticipate your needs, making interactions smoother and more natural. Think of it as the difference between chatting with a stranger versus catching up with someone who knows you well. That’s why memory is the secret sauce behind smarter, more helpful AI.",Memory in an AI assistant refers to its capability to store and retrieve past interactions and data to provide personalized and context-aware responses. This enables the assistant to maintain continuity across conversations and improve user experience. It plays a crucial role in making AI interactions more intuitive and relevant.,"Picture this: an AI assistant’s memory is like a friend who remembers your favorite topics and past conversations, making each chat feel more personal and connected.","Memory allows AI assistants to deliver tailored responses and maintain context, which enhances user satisfaction and efficiency. Without it, interactions would be repetitive and less effective.","Memory in an AI assistant is what lets it remember past interactions and personalize responses, much like a friend recalling your favorite coffee order. Without memory, every chat would feel like a fresh start, losing context and relevance. This ability to retrieve and store information helps the assistant anticipate your needs, making interactions smoother and more natural. Think of it as the difference between chatting with a stranger versus catching up with someone who knows you well. That’s why memory is the secret sauce behind smarter, more helpful AI.",gpt-4.1-mini,v2
concept_025,What is fine-tuning?,training_and_optimization,beginner,,,,Fine-Tuning: Giving AI Models a Personal Touch for Better Results,"Fine-tuning is like teaching a smart assistant to get even better at a specific task by showing it just the right examples. Imagine you have a general recipe, but you tweak the ingredients to suit your taste perfectly—that’s what fine-tuning does for AI models. It takes a pre-trained model and adjusts it using focused data, so it understands the nuances of a particular job. This process helps the AI perform more accurately without starting from scratch. Fine-tuning matters because it saves time and resources while making AI smarter in specialized areas.",Fine-tuning is the process of adapting a pre-trained AI model to perform better on a specific task by training it further on specialized data. It adjusts the model’s parameters to capture nuances relevant to the new task. This approach improves accuracy without requiring full retraining from the beginning.,"Picture this: you have a universal cookbook, but you modify a few recipes to match your family’s favorite flavors—fine-tuning customizes AI in a similar way.","Fine-tuning allows AI systems to quickly adapt to specific needs, making them more effective in real-world applications. It also reduces the time and cost of developing tailored AI solutions.","Fine-tuning is like teaching a smart assistant to get even better at a specific task by showing it just the right examples. Imagine you have a general recipe, but you tweak the ingredients to suit your taste perfectly—that’s what fine-tuning does for AI models. It takes a pre-trained model and adjusts it using focused data, so it understands the nuances of a particular job. This process helps the AI perform more accurately without starting from scratch. Fine-tuning matters because it saves time and resources while making AI smarter in specialized areas.",gpt-4.1-mini,v2
concept_026,What is distillation in AI?,training_and_optimization,intermediate,,,,"How Distillation Turns Big AI Models Into Smart, Lean Machines","Distillation in AI is like teaching a giant, complex model to pass its knowledge to a smaller, faster one without losing much accuracy. Imagine a master chef showing a novice how to cook a signature dish quickly but with nearly the same flavor. This process helps companies deploy powerful AI on everyday devices, making tech smarter and more accessible. By condensing what a large model has learned into a compact form, distillation creates efficient systems that save time and energy while still performing impressively.","Distillation in AI involves transferring knowledge from a large, complex model to a smaller, simpler one to maintain performance while improving efficiency. It enables smaller models to approximate the accuracy of larger models with reduced computational resources. This technique is commonly used to optimize AI for deployment on limited hardware.",Picture this: a master chef mentoring a home cook to recreate a gourmet recipe quickly and with almost the same taste.,"Distillation allows powerful AI models to run smoothly on devices with limited resources, making advanced technology more practical and accessible. It reduces computation costs while maintaining high performance.","Distillation in AI is like teaching a giant, complex model to pass its knowledge to a smaller, faster one without losing much accuracy. Imagine a master chef showing a novice how to cook a signature dish quickly but with nearly the same flavor. This process helps companies deploy powerful AI on everyday devices, making tech smarter and more accessible. By condensing what a large model has learned into a compact form, distillation creates efficient systems that save time and energy while still performing impressively.",gpt-4.1-mini,v2
concept_027,What is inference in machine learning?,training_and_optimization,beginner,,,,How Machines Make Smart Guesses: The Magic of Inference in AI,"Inference in machine learning is the moment when a trained model uses what it has learned to make predictions or decisions on new data. Think of it like using a recipe you've mastered to whip up a dish without needing to relearn the steps each time. It’s the practical phase where AI applies its knowledge to real-world problems, like spotting spam emails or recommending your next favorite song. This step is crucial because it transforms raw data into meaningful insights instantly. Without inference, all the training in the world wouldn’t help machines do anything useful.","Inference in machine learning refers to the process where a trained model applies its learned patterns to new, unseen data to generate predictions or decisions. It is the operational phase following training, enabling practical use of the model. Inference allows models to provide real-time outputs in applications such as classification, recommendation, and detection.",Think of inference like following a recipe you already know by heart to quickly make a meal without rereading the instructions.,"Inference lets AI models deliver fast, actionable results in everyday applications, making technology responsive and helpful. It’s the bridge between training and real-world impact.","Inference in machine learning is when a trained model takes what it has learned and uses it to make predictions or decisions on new information. It’s like using a recipe you already know to cook a meal without having to relearn the steps each time. This is where AI turns knowledge into action, helping with things like detecting spam or suggesting music. Without inference, all the learning wouldn’t be useful because the model couldn’t apply it in real situations.",gpt-4.1-mini,v2
concept_028,Why is GPU memory important for LLMs?,training_and_optimization,intermediate,,,,Why GPU Memory is the Hidden Powerhouse Behind LLM Performance,"GPU memory acts like the workspace where large language models (LLMs) do their thinking. Imagine trying to solve a huge puzzle but having only a tiny table to spread out the pieces—without enough space, progress slows or even grinds to a halt. Similarly, limited GPU memory restricts how much of the model and its data can be processed at once, causing delays or forcing compromises in model size. This matters because the bigger and more complex the LLM, the more memory it needs to deliver quick, accurate results. In short, GPU memory isn’t just a spec; it’s the engine that keeps LLMs running smoothly and efficiently.","GPU memory provides the necessary space for large language models to load and process data during inference and training. Insufficient GPU memory limits the size of models that can be handled and slows down computation. Adequate GPU memory enables faster, more efficient LLM performance.",Picture this: trying to assemble a giant jigsaw puzzle on a small coffee table versus a large dining table—the bigger surface lets you work faster and keep everything organized.,Having enough GPU memory allows LLMs to run larger models and handle complex tasks without lag. This directly impacts the speed and quality of AI-powered applications.,"GPU memory acts like the workspace where large language models do their thinking. Imagine trying to solve a huge puzzle but having only a tiny table to spread out the pieces—without enough space, progress slows or even grinds to a halt. Similarly, limited GPU memory restricts how much of the model and its data can be processed at once, causing delays or forcing compromises in model size. This matters because the bigger and more complex the LLM, the more memory it needs to deliver quick, accurate results. In short, GPU memory isn’t just a spec; it’s the engine that keeps LLMs running smoothly and efficiently.",gpt-4.1-mini,v2
concept_029,What is quantization?,training_and_optimization,intermediate,,,,How Quantization Shrinks AI Models Without Shrinking Their Power,"Quantization is a clever technique that transforms the way computers handle numbers by shrinking complex data into simpler, smaller forms. Imagine turning a high-res photo into a compressed image that still looks great but takes up less space—that's what quantization does for AI models, making them faster and more efficient. This process reduces the precision of the numbers used in calculations, which can speed up performance and lower energy use without a big hit to accuracy. It’s like trading a tiny bit of detail for a huge gain in speed and size, a trade-off that’s essential for running AI on mobile devices or edge hardware. Understanding quantization means unlocking smarter, lighter AI that fits right into your pocket.",Quantization is the process of reducing the numerical precision of a model’s parameters and computations to decrease model size and increase inference speed. This technique lowers the memory footprint and computational requirements with minimal impact on accuracy. It is widely used to optimize machine learning models for deployment on resource-constrained devices.,"Picture this: quantization is like compressing a high-resolution photo into a smaller file size that still looks clear enough to enjoy, enabling quicker sharing and less storage use.",Quantization makes it possible to deploy powerful AI models on devices with limited hardware like smartphones and IoT gadgets. This leads to faster responses and lower battery consumption without sacrificing much accuracy.,"Quantization is a clever technique that transforms the way computers handle numbers by shrinking complex data into simpler, smaller forms. Imagine turning a high-res photo into a compressed image that still looks great but takes up less space—that's what quantization does for AI models, making them faster and more efficient. This process reduces the precision of the numbers used in calculations, which can speed up performance and lower energy use without a big hit to accuracy. It’s like trading a tiny bit of detail for a huge gain in speed and size, a trade-off that’s essential for running AI on mobile devices or edge hardware. Understanding quantization means unlocking smarter, lighter AI that fits right into your pocket.",gpt-4.1-mini,v2
concept_030,What is latency in AI systems?,training_and_optimization,beginner,,,,Why Waiting a Split Second Can Make All the Difference in AI,"Latency in AI systems is the tiny delay between when you give a command and when the AI responds. Imagine texting a friend and waiting just a moment before they reply—that pause is what latency feels like in technology. This delay happens because the AI needs time to process information and generate an answer. Lower latency means quicker responses, which is crucial for things like voice assistants or self-driving cars where speed matters. Understanding latency helps us build smarter, faster AI experiences that feel seamless and natural.",Latency in AI systems refers to the delay between receiving input and delivering a response. It occurs due to processing and data transmission times. Minimizing latency is important for real-time applications where quick responses are critical.,Picture this: latency is like the brief pause between asking a question and hearing an answer during a phone call.,"Reducing latency improves the speed and fluidity of AI interactions, making technologies like virtual assistants and autonomous vehicles safer and more user-friendly.","Latency in AI systems is the tiny delay between when you give a command and when the AI responds. Imagine texting a friend and waiting just a moment before they reply—that pause is what latency feels like in technology. This delay happens because the AI needs time to process information and generate an answer. Lower latency means quicker responses, which is crucial for things like voice assistants or self-driving cars where speed matters. Understanding latency helps us build smarter, faster AI experiences that feel seamless and natural.",gpt-4.1-mini,v2
concept_031,What is an AI agent?,ai_applications,beginner,,,,Meet the AI Agent: Your Digital Helper That Thinks and Acts,"An AI agent is like a smart assistant that can sense its environment, make decisions, and take actions to achieve a goal—all on its own. Imagine a robot that understands your instructions, figures out the best way to help, and then does it without needing constant guidance. These agents power everything from chatbots answering your questions to self-driving cars navigating streets. What makes them so exciting is their ability to adapt and learn, making technology feel more natural and responsive. Understanding AI agents helps us see how machines are becoming partners in everyday life.","An AI agent is a system that perceives its environment, processes information, and takes actions autonomously to achieve specific goals. It operates based on programmed rules or learned behaviors. AI agents are used in applications like virtual assistants, autonomous vehicles, and automated customer service.",Picture this: an AI agent is like a helpful pet that learns what you want and acts accordingly without being told every step.,AI agents make technology more intuitive and efficient by automating tasks and providing personalized assistance. They are key to innovations that improve daily life and business operations.,"An AI agent is like a smart assistant that can sense its environment, make decisions, and take actions to achieve a goal—all on its own. Imagine a robot that understands your instructions, figures out the best way to help, and then does it without needing constant guidance. These agents power everything from chatbots answering your questions to self-driving cars navigating streets. What makes them so exciting is their ability to adapt and learn, making technology feel more natural and responsive. Understanding AI agents helps us see how machines are becoming partners in everyday life.",gpt-4.1-mini,v2
concept_032,How do chatbots work?,ai_applications,beginner,,,,How Chatbots Understand You and Keep the Conversation Flowing,"Chatbots work by using clever software that can understand your words and respond just like a helpful friend. Imagine texting a buddy who quickly reads your message, figures out what you want, and replies instantly—chatbots do this with the help of artificial intelligence and lots of data. They break down your sentences, find key information, and pick the best response from what they’ve learned. This technology makes customer service faster and more available, so you get help anytime without waiting on hold. Understanding how chatbots work shows how AI is making our daily interactions smoother and more efficient.","Chatbots use artificial intelligence to process and understand user input, then generate appropriate responses based on data patterns. They analyze text, identify intent, and select replies to simulate natural conversation. This enables automated, real-time interactions between humans and machines.","Picture this: a chatbot is like a speedy translator who listens carefully, interprets what you say, and immediately answers in a way that makes sense.","Chatbots improve customer support by providing instant responses anytime, reducing wait times and freeing up human agents for complex issues.","Chatbots work by using clever software that can understand your words and respond just like a helpful friend. Imagine texting a buddy who quickly reads your message, figures out what you want, and replies instantly—chatbots do this with the help of artificial intelligence and lots of data. They break down your sentences, find key information, and pick the best response from what they’ve learned. This technology makes customer service faster and more available, so you get help anytime without waiting on hold. Understanding how chatbots work shows how AI is making our daily interactions smoother and more efficient.",gpt-4.1-mini,v2
concept_033,What is computer vision?,ai_applications,beginner,,,,How Computers See the World: The Magic of Computer Vision,"Computer vision lets machines ‘see’ and understand images or videos, turning pixels into meaningful information. Imagine your phone recognizing your face to unlock itself—that’s computer vision at work, just like how our eyes and brain team up to identify objects around us. This technology powers everything from self-driving cars spotting pedestrians to apps sorting your photo gallery automatically. By teaching computers to interpret visual data, we open doors to smarter, more intuitive tools that make daily life easier and safer.","Computer vision is a field of artificial intelligence that enables computers to interpret and process visual information from images or videos. It involves techniques that allow machines to identify objects, patterns, and activities. This technology is widely used in applications like facial recognition, autonomous vehicles, and image search.","Picture this: computer vision is like teaching a camera to not just take pictures, but to truly understand what it’s looking at, much like how our eyes and brain work together.","Computer vision is essential for developing technologies that interact seamlessly with the real world, improving automation, safety, and user experiences across many industries.","Computer vision lets machines see and understand images or videos, turning pixels into meaningful information. Imagine your phone recognizing your face to unlock itself—that’s computer vision at work, just like how our eyes and brain team up to identify objects around us. This technology powers everything from self-driving cars spotting pedestrians to apps sorting your photo gallery automatically. By teaching computers to interpret visual data, we open doors to smarter, more intuitive tools that make daily life easier and safer.",gpt-4.1-mini,v2
concept_034,What is speech-to-text?,ai_applications,beginner,,,,How Your Words Turn Into Text Instantly with Speech-to-Text,"Speech-to-text technology listens to your spoken words and magically turns them into written text, making typing feel almost invisible. Imagine talking to your device like a friend and watching your ideas appear on screen without lifting a finger. This is especially handy when you’re on the go or want to capture thoughts quickly. By understanding the sounds we make, this AI-powered tool bridges the gap between speech and writing seamlessly. It’s like having a personal assistant who writes down everything you say, freeing you to focus on what really matters.","Speech-to-text technology converts spoken language into written text using AI algorithms that recognize and process speech patterns. It allows users to dictate instead of typing, improving speed and accessibility. This technology is widely used in applications like virtual assistants, transcription services, and hands-free controls.","Picture this: speech-to-text is like having a translator who instantly writes down your spoken words into text, just as a court reporter captures every word during a trial.","Speech-to-text makes communication faster and easier, especially for those who struggle with typing or need hands-free options. It enhances productivity and accessibility across many daily tasks.","Speech-to-text technology listens to your spoken words and magically turns them into written text, making typing feel almost invisible. Imagine talking to your device like a friend and watching your ideas appear on screen without lifting a finger. This is especially handy when you’re on the go or want to capture thoughts quickly. By understanding the sounds we make, this AI-powered tool bridges the gap between speech and writing seamlessly. It’s like having a personal assistant who writes down everything you say, freeing you to focus on what really matters.",gpt-4.1-mini,v2
concept_035,What is text-to-speech?,ai_applications,beginner,,,,How Your Devices Turn Text Into Talking Voices,"Text-to-speech technology is like having a personal narrator who reads out written words aloud. Imagine your phone or computer magically speaking any text you give it, from articles to messages, making information easy to absorb on the go. This tool transforms written content into audio, helping people who struggle with reading or those who just want to multitask. It’s a game-changer for accessibility and convenience, turning silent text into a lively conversation. Whether you’re learning, commuting, or relaxing, text-to-speech brings words to life in a whole new way.","Text-to-speech (TTS) technology converts written text into spoken words using computer-generated voices. It enables devices to read aloud text from documents, websites, or messages. TTS improves accessibility and convenience by allowing users to listen to written content.",Picture this: text-to-speech is like a storyteller who turns silent pages of a book into a vibrant oral tale you can hear anytime.,Text-to-speech makes information accessible to people with reading difficulties or visual impairments and allows users to consume content hands-free. It enhances learning and multitasking by turning text into audio.,"Text-to-speech technology is like having a personal narrator who reads out written words aloud. Imagine your phone or computer magically speaking any text you give it, from articles to messages, making information easy to absorb on the go. This tool transforms written content into audio, helping people who struggle with reading or those who just want to multitask. It’s a game-changer for accessibility and convenience, turning silent text into a lively conversation. Whether you’re learning, commuting, or relaxing, text-to-speech brings words to life in a whole new way.",gpt-4.1-mini,v2
concept_036,How is AI used in healthcare?,ai_applications,beginner,,,,How AI is Transforming Healthcare One Diagnosis at a Time,"AI is changing healthcare by helping doctors diagnose diseases faster and more accurately, almost like having a super-smart assistant who never gets tired. Just as a seasoned detective spots clues others might miss, AI analyzes medical images and data to find patterns that lead to early detection of illnesses. This means patients get treatment sooner, improving their chances of recovery. As technology keeps improving, AI becomes a powerful partner in making healthcare more precise and personalized.",AI in healthcare assists in diagnosing diseases by analyzing medical data and images to identify patterns. It supports early detection and helps doctors make more accurate decisions. This enhances treatment effectiveness and patient outcomes.,Picture this: AI in healthcare is like a seasoned detective spotting clues in complex medical data that humans might overlook.,Faster and more accurate diagnoses can save lives and reduce healthcare costs. AI’s support allows doctors to focus on personalized patient care.,"AI is changing healthcare by helping doctors diagnose diseases faster and more accurately, almost like having a super-smart assistant who never gets tired. Just as a seasoned detective spots clues others might miss, AI analyzes medical images and data to find patterns that lead to early detection of illnesses. This means patients get treatment sooner, improving their chances of recovery. As technology keeps improving, AI becomes a powerful partner in making healthcare more precise and personalized.",gpt-4.1-mini,v2
concept_037,What is an AI hallucination?,evaluation_and_safety,beginner,,,,When AI Sees Things That Aren’t There: Decoding AI Hallucinations,"AI hallucinations happen when an artificial intelligence confidently shares information that isn’t true or doesn’t exist, kind of like someone telling a story they made up on the spot. Imagine asking a digital assistant for facts, and it invents details instead of sticking to reality. This happens because AI models predict likely words based on patterns, not because they truly understand the world. Knowing about AI hallucinations helps us stay careful and double-check what AI tells us, especially when making important decisions.",An AI hallucination occurs when an AI system generates false or fabricated information while appearing confident. This happens because AI models rely on pattern prediction rather than true understanding. Recognizing hallucinations is important for evaluating AI outputs accurately.,Picture this: it’s like a friend who confidently tells a story but mixes up details or adds things that never happened.,"Being aware of AI hallucinations helps users avoid trusting incorrect information, ensuring safer and more reliable interactions with AI tools.","AI hallucinations happen when an artificial intelligence confidently shares information that isn’t true or doesn’t exist, kind of like someone telling a story they made up on the spot. Imagine asking a digital assistant for facts, and it invents details instead of sticking to reality. This happens because AI models predict likely words based on patterns, not because they truly understand the world. Knowing about AI hallucinations helps us stay careful and double-check what AI tells us, especially when making important decisions.",gpt-4.1-mini,v2
concept_038,What is bias in AI?,evaluation_and_safety,beginner,,,,When AI Sees the World Through a Skewed Lens: The Truth About Bias,"Bias in AI happens when machines learn from data that isn’t perfectly fair or balanced, causing them to make unfair decisions. Imagine teaching a robot only using stories from one side of a city—it might miss the full picture and treat some people unfairly. This matters because biased AI can affect everything from job hiring to loan approvals, often without anyone realizing it. Spotting and fixing bias helps create smarter, fairer technology that works for everyone. Understanding this helps us trust AI instead of fearing it.","Bias in AI occurs when the data used to train models contains unfair or unrepresentative information, leading to skewed outcomes. This can cause AI systems to make decisions that disadvantage certain groups. Detecting and addressing bias is essential to ensure AI behaves ethically and fairly.","Picture this: if you only hear one side of a story, your opinion will be incomplete and possibly unfair—AI faces the same problem when trained on biased data.",Biased AI can reinforce social inequalities and lead to unfair treatment in important areas like hiring and lending. Ensuring AI is unbiased promotes fairness and trust in technology.,"Bias in AI happens when machines learn from data that isn’t perfectly fair or balanced, causing them to make unfair decisions. Imagine teaching a robot only using stories from one side of a city—it might miss the full picture and treat some people unfairly. This matters because biased AI can affect everything from job hiring to loan approvals, often without anyone realizing it. Spotting and fixing bias helps create smarter, fairer technology that works for everyone. Understanding this helps us trust AI instead of fearing it.",gpt-4.1-mini,v2
concept_039,What is AI alignment?,evaluation_and_safety,intermediate,,,,Why AI Alignment Is the Key to Safe and Trustworthy Machines,"AI alignment is about making sure artificial intelligence systems act in ways that match human values and intentions, even when they're making decisions on their own. Think of it as teaching a robot not just to follow orders literally, but to understand the spirit behind them—like asking a friend to water your plants and trusting they won’t just dump water everywhere. Without proper alignment, AI could take actions that seem logical to it but cause unintended harm. This is crucial because as AI grows smarter and more autonomous, ensuring it stays on our side keeps us safe and benefits society as a whole.",AI alignment focuses on designing AI systems so their actions and decisions align with human goals and ethical values. It involves minimizing risks where AI might behave in unintended or harmful ways. Proper alignment ensures AI acts reliably and safely as it becomes more autonomous.,"Picture this: giving a helper a task but wanting them to understand not just what to do, but why it matters—so they don’t cause problems while trying to help.","Proper AI alignment prevents harmful or unexpected behavior, making AI safer and more trustworthy in real-world applications.","AI alignment is about making sure artificial intelligence systems act in ways that match human values and intentions, even when they're making decisions on their own. Think of it as teaching a robot not just to follow orders literally, but to understand the spirit behind them—like asking a friend to water your plants and trusting they won’t just dump water everywhere. Without proper alignment, AI could take actions that seem logical to it but cause unintended harm. This is crucial because as AI grows smarter and more autonomous, ensuring it stays on our side keeps us safe and benefits society as a whole.",gpt-4.1-mini,v2
concept_040,What is multimodal AI?,ai_applications,beginner,,,,How Multimodal AI Brings Machines Closer to Human Senses,"Multimodal AI is like giving machines the ability to understand the world through multiple senses—like seeing images, hearing sounds, and reading text all at once. Imagine how you make sense of a movie by combining visuals, dialogue, and music; multimodal AI does the same by blending different types of data to get a fuller picture. This helps AI systems become smarter and more adaptable, making interactions with technology feel more natural and useful. From improving virtual assistants to enhancing medical diagnoses, multimodal AI is opening doors to smarter, more connected experiences.","Multimodal AI refers to artificial intelligence systems that process and analyze multiple types of data inputs such as text, images, and audio simultaneously. By integrating these different modes, the AI can better understand context and provide more accurate outputs. This approach enhances the AI’s ability to perform complex tasks requiring diverse information sources.","Picture this: just like you use your eyes and ears together to understand a story, multimodal AI combines different kinds of data to grasp meaning more fully.","Multimodal AI allows devices to understand and respond to real-world information more effectively, making technology more intuitive and versatile across applications. This leads to better user experiences and improved decision-making in various fields.","Multimodal AI is like giving machines the ability to understand the world through multiple senses—like seeing images, hearing sounds, and reading text all at once. Imagine how you make sense of a movie by combining visuals, dialogue, and music; multimodal AI does the same by blending different types of data to get a fuller picture. This helps AI systems become smarter and more adaptable, making interactions with technology feel more natural and useful. From improving virtual assistants to enhancing medical diagnoses, multimodal AI is opening doors to smarter, more connected experiences.",gpt-4.1-mini,v2
concept_041,What is transfer learning?,training_and_optimization,intermediate,,,,How Transfer Learning Supercharges AI by Borrowing Smarts,"Transfer learning is like teaching a new skill by building on what you already know instead of starting from scratch. Imagine training a model to recognize cats after it’s already learned to spot dogs—this shortcut saves tons of time and data. It’s a powerful shortcut in AI that helps machines adapt quickly to new tasks without relearning everything. This approach not only boosts efficiency but also unlocks possibilities for smarter, faster solutions in real-world problems. Ultimately, transfer learning bridges gaps between different tasks, making AI more flexible and practical.",Transfer learning involves using a pre-trained model on one task as the starting point for a different but related task. It leverages previously learned features to improve learning efficiency and reduce the need for large datasets. This method accelerates training and enhances model performance on new problems.,Picture this: learning to play the piano becomes easier if you already know how to play the guitar because you understand music fundamentals.,"In practice, transfer learning reduces the resources and time needed to train AI models for new tasks, making advanced AI accessible even with limited data. It enables faster deployment of solutions across diverse applications.","Transfer learning is like teaching a new skill by building on what you already know instead of starting from scratch. Imagine training a model to recognize cats after it’s already learned to spot dogs—this shortcut saves tons of time and data. It’s a powerful shortcut in AI that helps machines adapt quickly to new tasks without relearning everything. This approach not only boosts efficiency but also unlocks possibilities for smarter, faster solutions in real-world problems. Ultimately, transfer learning bridges gaps between different tasks, making AI more flexible and practical.",gpt-4.1-mini,v2
