concept_id,topic,category,difficulty,source_title,source_url,reference_text,generated_title,summary,analogy,why_it_matters,tts_text,model,prompt_version
concept_001,What is machine learning?,foundations,beginner,,,,Understanding Machine Learning: How Computers Learn from Data,Machine learning is a way for computers to learn from examples instead of being explicitly programmed. It allows computers to recognize patterns and make decisions based on data.,"Think of teaching a child to recognize animals by showing many pictures instead of giving a strict list of rules. Over time, the child learns to identify animals on their own.","Machine learning helps power technologies like voice assistants, recommendation systems, and self-driving cars, making everyday tools smarter and more helpful.","Machine learning is when computers learn from examples instead of following exact instructions. Imagine teaching a child to recognize animals by showing many pictures rather than giving a strict list of rules. Over time, the child gets better at identifying animals on their own, just like computers learn to recognize patterns and make decisions.",gpt-4.1-mini,v1
concept_002,What is deep learning?,foundations,beginner,,,,Understanding Deep Learning: Teaching Computers to Learn Like Humans,"Deep learning is a type of artificial intelligence where computers learn to recognize patterns and make decisions by processing data through layers of artificial neurons. It helps machines improve their understanding by learning from examples, similar to how humans learn from experience.","Think of deep learning like teaching a child to recognize animals by showing many pictures; over time, the child learns to identify animals even in new photos.","Deep learning powers many everyday technologies like voice assistants and image recognition, making devices smarter and more helpful.","Deep learning is a way computers learn by finding patterns in data through layers of artificial neurons, much like how we learn from experience. Imagine teaching a child to recognize animals by showing lots of pictures, so they can identify animals even in new ones—that's how deep learning works.",gpt-4.1-mini,v1
concept_003,What is supervised learning?,foundations,beginner,,,,Understanding Supervised Learning: Teaching Machines with Examples,"Supervised learning is a type of machine learning where a model learns from labeled data, meaning each example comes with the correct answer. The model uses these examples to make predictions or decisions on new, unseen data.","Think of supervised learning like a student learning math with a teacher who provides both problems and the correct answers, guiding the student to solve new problems correctly.","Supervised learning is widely used in real life, powering applications like email spam filters and voice recognition systems that improve by learning from examples.","Supervised learning is when a machine learns from examples that already have the answers, like a student who practices math problems with a teacher giving the solutions. This helps the machine make good predictions on new data, which is useful for things like filtering spam emails or understanding speech.",gpt-4.1-mini,v1
concept_004,What is unsupervised learning?,foundations,beginner,,,,Discovering Patterns Without Labels: What is Unsupervised Learning?,"Unsupervised learning is a type of machine learning where algorithms find patterns or groupings in data without being given labeled examples. Instead of being told what to look for, the system explores the data on its own to uncover hidden structures.",Imagine sorting a box of mixed colored beads without knowing the names of the colors. You group the beads by similarities like color or size without any instructions on how to categorize them.,"Unsupervised learning helps us make sense of large amounts of unlabeled data, making it useful for discovering new insights, organizing information, and detecting anomalies.","Unsupervised learning is when a computer finds patterns in data without any labels or instructions. Imagine sorting a box of mixed colored beads by grouping similar colors or sizes, even though you don’t know the names of the colors. This helps computers discover hidden structures and make sense of data on their own.",gpt-4.1-mini,v1
concept_005,What is reinforcement learning?,foundations,intermediate,,,,Understanding Reinforcement Learning: Learning Through Rewards and Punishments,"Reinforcement learning is a type of machine learning where an agent learns to make decisions by interacting with an environment and receiving feedback in the form of rewards or penalties. Over time, the agent aims to maximize cumulative rewards by choosing actions that lead to the best outcomes.",Think of training a dog by giving it treats when it performs a desired behavior and withholding treats when it doesn't. The dog learns to repeat actions that earn rewards and avoid those that don’t.,"Reinforcement learning is essential for developing systems that can adapt and improve in complex, dynamic environments, such as robotics, game playing, and autonomous vehicles.","Reinforcement learning is a way machines learn by trying different actions and getting rewards or penalties based on what they do, helping them figure out the best choices over time. Imagine training a dog by giving it treats when it does something right and no treats when it doesn't. Just like the dog learns to do the right things to get more treats, machines learn to make better decisions through this trial and error process.",gpt-4.1-mini,v1
concept_006,What is overfitting?,foundations,beginner,,,,Understanding Overfitting: When a Model Learns Too Much,"Overfitting happens when a model learns the training data too well, including its noise and mistakes. This makes the model perform poorly on new, unseen data because it can't generalize well.",Think of a student who memorizes all the answers to a practice test instead of understanding the material. They might do great on that test but struggle with different questions on the real exam.,"Avoiding overfitting helps create models that work well in real-life situations, not just on the examples they were trained on.","Overfitting happens when a model learns the training data too well, including its noise and mistakes. Think of a student who memorizes all the answers to a practice test instead of understanding the material. They might do great on that test but struggle with different questions on the real exam. Avoiding overfitting helps create models that work well in real-life situations, not just on the examples they were trained on.",gpt-4.1-mini,v1
concept_007,What is a neural network?,neural_networks,beginner,,,,What is a Neural Network?,A neural network is a type of computer system designed to learn and make decisions like a human brain. It consists of layers of connected nodes that process information and recognize patterns.,"Think of a neural network like a group of friends passing notes to solve a puzzle together, each adding their own ideas to reach the answer.","Neural networks help power many technologies we use every day, such as voice assistants, image recognition, and recommendation systems.","A neural network is a computer system that learns and makes decisions similar to the human brain. Think of it like a group of friends passing notes to solve a puzzle together, each adding their own ideas to find the answer. This technology is important because it helps power things like voice assistants, recognizing images, and making recommendations.",gpt-4.1-mini,v1
concept_008,What is backpropagation?,neural_networks,intermediate,,,,Understanding Backpropagation: The Learning Engine of Neural Networks,Backpropagation is a key algorithm in training neural networks that adjusts the model’s weights by calculating the error gradient and propagating it backward through the layers. This process helps the network learn from mistakes by minimizing the difference between predicted and actual outputs.,Imagine you’re learning to shoot basketballs into a hoop. Each missed shot teaches you how to adjust your aim and strength. Backpropagation works similarly by sending feedback from the missed shots back to improve the next attempt.,"Backpropagation enables neural networks to learn complex patterns efficiently, making it fundamental for tasks like image recognition and natural language processing.","Backpropagation is an essential method that helps neural networks learn by sending error information backward through the layers to adjust weights and improve accuracy. Imagine you’re practicing basketball and each missed shot helps you adjust your aim and strength for the next try; backpropagation works in much the same way, guiding the network to better predictions over time.",gpt-4.1-mini,v1
concept_009,What is gradient descent?,neural_networks,beginner,,,,Understanding Gradient Descent: Finding the Best Path,Gradient descent is a method used to help computers learn by gradually improving their guesses to find the best solution. It works by slowly adjusting parameters to reduce errors step by step. This process helps models like neural networks become more accurate over time.,"Imagine trying to find the bottom of a foggy hill by taking small steps downhill, adjusting your path as you go to avoid getting stuck on a slope.","Gradient descent is essential because it allows machines to learn from data efficiently, making technologies like voice recognition and image detection possible.","Gradient descent is a way computers learn by slowly improving their guesses to find the best answer. Imagine you're on a foggy hill trying to find the bottom by taking small steps downhill, adjusting your path as you go so you don't get stuck. This method helps machines get better at tasks like recognizing images or understanding speech.",gpt-4.1-mini,v1
concept_010,What is a loss function?,neural_networks,beginner,,,,Understanding Loss Functions: Measuring Mistakes in Neural Networks,A loss function is a way for a neural network to measure how well it's doing at a task by calculating the difference between its predictions and the actual answers. It helps the network learn by showing it how much it needs to improve.,"Imagine you're shooting arrows at a target and the loss function is the scorekeeper who tells you how far your arrows are from the bullseye, helping you adjust your aim.","Loss functions guide the learning process, making sure neural networks get better over time and perform tasks accurately.","A loss function is like a scorekeeper that measures how close a neural network's guesses are to the correct answers. Imagine you're shooting arrows at a target and the loss function tells you how far your arrows are from the bullseye, helping you adjust your aim. This feedback is important because it helps the network improve and make better predictions.",gpt-4.1-mini,v1
concept_011,What are activation functions?,neural_networks,intermediate,,,,Activation Functions: Unlocking Neural Network Intelligence,"Activation functions introduce non-linearity into neural networks, allowing them to model complex patterns beyond simple linear relationships. They decide whether a neuron should be activated based on the weighted input it receives, enabling deep learning models to solve intricate problems.","Think of activation functions like decision gates in a factory assembly line, determining which parts move forward for further processing and which are discarded, ensuring only relevant signals influence the final product.","Without activation functions, neural networks would be limited to solving only linear problems, severely restricting their ability to learn from real-world, complex data.","Activation functions add non-linearity to neural networks, helping them understand complex patterns by deciding which neurons activate based on their inputs. Imagine them as decision gates in a factory line, letting through only the important parts for the final product. This ability is crucial because without activation functions, neural networks could only handle simple, linear tasks.",gpt-4.1-mini,v1
concept_012,Why do neural networks need hidden layers?,neural_networks,intermediate,,,,Unlocking Complexity: The Role of Hidden Layers in Neural Networks,"Hidden layers enable neural networks to learn and represent complex patterns by transforming inputs into higher-level features. Without these layers, networks are limited to simple linear relationships and cannot capture the intricacies of real-world data.","Imagine a series of translators interpreting a message between two languages: each translator (hidden layer) refines and reshapes the message, enabling a deeper understanding beyond direct word-for-word translation.","Hidden layers allow neural networks to solve complex problems like image recognition and natural language processing, making them powerful tools in AI applications.","Hidden layers let neural networks learn complex patterns by transforming inputs into more meaningful features. Imagine a series of translators interpreting a message, where each translator reshapes the message to deepen understanding. This process helps neural networks tackle challenging tasks like recognizing images or understanding language.",gpt-4.1-mini,v1
concept_013,What is a transformer model?,llms,beginner,,,,What Is a Transformer Model? Understanding the Basics,A transformer model is a type of artificial intelligence that helps computers understand and generate human language by focusing on important parts of sentences. It uses a method called 'attention' to figure out which words matter most in context. This approach makes tasks like translation and text prediction much more accurate.,"Think of a transformer model like a smart reader who highlights key words in a book to understand the story better, instead of reading every word with the same attention.","Transformer models are behind many popular language tools like chatbots and translators, making communication with technology easier and more natural.",A transformer model is a kind of artificial intelligence that helps computers understand and create human language by focusing on the most important words in a sentence. Imagine it like a smart reader who highlights key words in a book to understand the story better instead of paying equal attention to every word. This approach helps tools like chatbots and translators work more accurately and naturally.,gpt-4.1-mini,v1
concept_014,What is attention in AI?,llms,intermediate,,,,Understanding Attention: The Key to Smarter AI Language Models,"Attention in AI is a mechanism that allows models to focus on the most relevant parts of input data when generating outputs. It works by assigning different weights to different words or tokens, enabling the model to capture context and relationships more effectively.","Think of attention like a spotlight on a stage that highlights the actors most important to the current scene, helping the audience focus on what matters most.","Attention enables AI models to handle complex language tasks with greater accuracy and fluency, improving everything from translation to text generation.","Attention in AI helps models focus on the most relevant parts of the input by assigning different weights to words, capturing context better. Imagine it like a spotlight on a stage highlighting the key actors so the audience knows where to look. This ability makes AI much better at understanding and generating language.",gpt-4.1-mini,v1
concept_015,What are tokens in large language models?,llms,beginner,,,,Understanding Tokens: The Building Blocks of Language Models,"Tokens are small pieces of text, like words or parts of words, that large language models use to understand and generate language. Instead of reading whole sentences at once, these models break text into tokens to process and learn patterns.","Think of tokens like puzzle pieces that fit together to form a complete picture; each piece on its own is small, but combined, they create meaningful sentences.","Knowing about tokens helps you understand how language models read and generate text, which is key to using these tools effectively.","Tokens are like small pieces of text, such as words or parts of words, that language models use to understand language. Imagine them as puzzle pieces that fit together to make a full picture; each piece is small by itself, but together they form meaningful sentences.",gpt-4.1-mini,v1
concept_016,What are embeddings?,llms,beginner,,,,Understanding Embeddings: Making Sense of Data in AI,"Embeddings are a way for AI systems to convert words, images, or other data into numbers that computers can understand. These numbers capture important meanings and relationships, helping AI find patterns and similarities. This makes it easier for machines to work with complex information.","Imagine organizing a large music library by assigning each song a special code based on its style and mood, so similar songs have similar codes. Embeddings work like those codes for AI, helping it recognize and group related information.","Embeddings allow AI to understand and compare data more effectively, improving tasks like language translation, recommendation systems, and search engines.",Embeddings are a way for AI to turn words or images into numbers that capture their meaning and relationships. Imagine organizing your music with special codes that show which songs are alike. That’s how embeddings help AI find connections and make sense of complex information.,gpt-4.1-mini,v1
concept_017,What is prompt engineering?,llms,beginner,,,,Understanding Prompt Engineering: How to Talk to AI,Prompt engineering is the skill of writing clear and effective instructions to guide AI language models in generating useful responses. It helps improve the quality of answers by carefully choosing the words and format of your input.,"Think of prompt engineering like giving directions to a friend: the clearer and more detailed your directions are, the easier it is for them to reach the right destination.","Good prompt engineering makes AI tools more helpful and reliable, saving time and improving results in tasks like writing, research, and problem-solving.","Prompt engineering is all about writing clear and effective instructions to help AI give better answers. Imagine it like giving directions to a friend—the clearer your directions, the easier it is for them to find the right place.",gpt-4.1-mini,v1
concept_018,What is context window in an LLM?,llms,intermediate,,,,Understanding the Context Window in Large Language Models,The context window in a large language model (LLM) refers to the maximum amount of text the model can consider at once when generating responses. It limits how much prior conversation or information the model can 'remember' and use to produce coherent and relevant output. This window size affects the model’s ability to maintain context over longer interactions.,Imagine reading a book but only being able to see a few pages at a time. The context window is like the number of pages you can hold open simultaneously to understand the story without flipping back too far.,Knowing about the context window helps you understand the limitations of LLMs in handling long documents or extended conversations. It also guides how to structure inputs for better responses.,"The context window in a large language model is the maximum amount of text it can look at when producing an answer. Think of it like reading a book but only being able to see a few pages at once, which helps you follow the story without flipping back too far. This limit affects how well the model keeps track of long conversations or documents.",gpt-4.1-mini,v1
concept_019,What is RAG?,retrieval_and_memory,beginner,,,,Understanding RAG: Retrieval-Augmented Generation Explained,"RAG stands for Retrieval-Augmented Generation, a method that combines retrieving information from a large database with generating answers using AI. It helps AI provide more accurate and up-to-date responses by looking up relevant facts before answering.","Think of RAG like a student who first checks their textbook before answering a question, instead of relying only on memory.","RAG improves AI's ability to give precise and informed answers, making it useful for tasks like customer support and research.","RAG, or Retrieval-Augmented Generation, is a way for AI to find information from a big database before creating an answer. Imagine it like a student who looks up their textbook first instead of just relying on memory. This helps AI give more accurate and helpful responses.",gpt-4.1-mini,v1
concept_020,RAG vs fine-tuning,retrieval_and_memory,intermediate,,,,RAG vs Fine-Tuning: Enhancing AI with Retrieval or Training,"Retrieval-Augmented Generation (RAG) combines a large language model with an external knowledge base to fetch relevant information during inference, while fine-tuning adjusts the model's internal parameters by training it on specific data. RAG is flexible and can update knowledge quickly without retraining, whereas fine-tuning offers deeper integration of specialized knowledge but requires more resources and time.","Think of RAG as having a smart assistant who looks up answers in a library whenever you ask a question, while fine-tuning is like teaching that assistant in advance so they already know the answers by heart.",Understanding the difference helps choose the right approach for applications needing up-to-date information or specialized expertise. It balances between quick adaptability and in-depth knowledge integration.,"Retrieval-Augmented Generation, or RAG, works by combining a language model with an external knowledge base that it searches in real time to answer questions. Fine-tuning, on the other hand, involves training the model on specific data so it learns that information internally. Imagine RAG as a smart assistant who looks up answers in a library when you ask, while fine-tuning is like teaching that assistant beforehand so they know the answers by heart. Knowing the difference helps you pick whether you want fast, flexible updates or a deeply specialized model.",gpt-4.1-mini,v1
concept_021,What is a vector database?,retrieval_and_memory,intermediate,,,,Understanding Vector Databases: Efficient Similarity Search for Complex Data,"A vector database is a specialized system that stores and retrieves data represented as high-dimensional vectors, enabling fast similarity searches. Unlike traditional databases that rely on exact matches, vector databases find items based on how closely their vector representations align, which is essential for AI and machine learning applications.","Imagine a library where instead of organizing books by title or author, books are arranged based on how similar their content is, so you can quickly find stories or topics that closely match what you’re interested in.","Vector databases power many AI-driven applications like image recognition, recommendation systems, and natural language processing by efficiently finding similar data points in massive datasets.","A vector database is a system that stores data as high-dimensional vectors and allows you to quickly find items that are similar rather than exactly the same. Imagine a library where books aren’t sorted by title or author but by how similar their content is, so you can easily discover stories or topics that closely match your interests.",gpt-4.1-mini,v1
concept_022,What is semantic search?,retrieval_and_memory,beginner,,,,"Understanding Semantic Search: Finding Meaning, Not Just Words","Semantic search is a way for computers to understand the meaning behind your search words, not just match exact keywords. It helps find information that is relevant even if the exact words you used aren’t in the text.","Imagine asking a librarian for books about 'healthy eating' and they bring you books on nutrition, dieting, and recipes, even if those exact words weren’t in your question.","Semantic search makes finding useful information faster and easier because it understands what you really mean, not just the words you type.","Semantic search means a computer tries to understand the meaning behind your search, not just the exact words. Imagine asking a librarian for books about healthy eating, and they bring you books on nutrition, dieting, and recipes, even if those exact words weren’t in your question.",gpt-4.1-mini,v1
concept_023,What is chunking in RAG systems?,retrieval_and_memory,intermediate,,,,Understanding Chunking in Retrieval-Augmented Generation Systems,"Chunking in RAG systems refers to breaking down large documents into smaller, manageable pieces or 'chunks' to improve information retrieval and generation accuracy. This process helps the system efficiently find relevant data and generate more precise responses by focusing on specific segments rather than entire documents.",Think of chunking like cutting a large book into chapters so you can quickly find the part you need without flipping through every page.,"Chunking enhances the speed and relevance of information retrieval, making RAG systems more effective in handling large volumes of text.","Chunking in RAG systems means dividing big documents into smaller, manageable parts to help the system find the right information more quickly. Imagine it like cutting a large book into chapters so you don't have to flip through every page to find what you need. This approach makes the system faster and more accurate when answering questions.",gpt-4.1-mini,v1
concept_024,What is memory in an AI assistant?,retrieval_and_memory,intermediate,,,,Understanding Memory in AI Assistants,Memory in an AI assistant refers to its ability to store and recall information from past interactions to provide more personalized and context-aware responses. This capability enables the assistant to maintain continuity over conversations and improve user experience by remembering preferences and details.,"Think of memory in an AI assistant like a notepad that it keeps open during your conversations, jotting down important details so it can refer back to them later and avoid asking the same questions repeatedly.","Memory allows AI assistants to deliver more relevant and efficient help by building on previous interactions, making each conversation feel more natural and tailored to the user.","Memory in an AI assistant means it can store and recall information from past conversations to give you more personalized and relevant responses. Think of it like a notepad that the assistant keeps open during your chats, writing down important details so it doesn't have to ask the same questions again. This helps the assistant provide smoother and more natural interactions every time you use it.",gpt-4.1-mini,v1
concept_025,What is fine-tuning?,training_and_optimization,beginner,,,,What is Fine-Tuning in AI?,"Fine-tuning is the process of taking a pre-trained AI model and training it further on a specific task or dataset. This helps the model perform better by adapting its knowledge to new, more focused information.",Think of fine-tuning like adjusting a general recipe to suit your personal taste by adding specific spices or ingredients.,"Fine-tuning allows AI models to be customized quickly and efficiently, making them more useful for particular tasks without starting from scratch.",Fine-tuning is when we take an AI model that already knows a lot and train it a bit more on a specific task so it gets better at that. Imagine it like adjusting a general recipe by adding your favorite spices to make it just right for you.,gpt-4.1-mini,v1
concept_026,What is distillation in AI?,training_and_optimization,intermediate,,,,Understanding Distillation: Compressing AI Knowledge,"Distillation in AI is a technique where a large, complex model (teacher) transfers its knowledge to a smaller, more efficient model (student). This process helps the smaller model perform nearly as well as the larger one but with less computational cost. It's commonly used to optimize models for deployment on limited-resource devices.",Think of a master chef teaching a home cook a simplified recipe that captures the essence of a complex dish without all the intricate steps.,Distillation enables deploying powerful AI models on devices like smartphones by reducing size and computation while maintaining accuracy.,"Distillation in AI is a way to transfer knowledge from a big, complex model to a smaller, faster one so it can work efficiently without losing much accuracy. Imagine a master chef teaching a home cook a simpler version of a complicated recipe that still tastes great. This technique is important because it lets us use advanced AI on devices with limited resources, like smartphones.",gpt-4.1-mini,v1
concept_027,What is inference in machine learning?,training_and_optimization,beginner,,,,Understanding Inference: How Machines Make Predictions,Inference in machine learning is the process where a trained model uses what it has learned to make predictions or decisions based on new data. It's like applying knowledge to solve real-world problems after training is complete.,Think of inference like using a recipe you’ve mastered to cook a new dish; you follow the steps you learned to create a meal without needing to relearn the recipe each time.,"Inference allows machines to provide useful outputs in everyday applications, such as recognizing images, understanding speech, or recommending products.",Inference in machine learning is when a trained model uses its knowledge to make predictions on new data. Imagine it like using a recipe you’ve already learned to cook a new dish—you follow the steps without relearning them each time. This process helps machines perform tasks like recognizing images or recommending products in real life.,gpt-4.1-mini,v1
concept_028,Why is GPU memory important for LLMs?,training_and_optimization,intermediate,,,,Why GPU Memory is Crucial for Large Language Models,"GPU memory stores the data and parameters needed to run large language models efficiently during training and inference. Since LLMs have billions of parameters, having enough GPU memory allows them to process complex computations without slowing down or crashing.","Think of GPU memory like the workspace on a desk: the bigger your desk, the more papers and tools you can spread out and work with at once without constantly shuffling things around.","Sufficient GPU memory enables smoother training and faster responses from LLMs, making AI applications more effective and practical.","GPU memory holds all the important data and settings that large language models need to work quickly and smoothly. Imagine it like a desk where you do your work—the bigger the desk, the more stuff you can have in front of you without getting cluttered. This means that with enough GPU memory, these models can train faster and give better results.",gpt-4.1-mini,v1
concept_029,What is quantization?,training_and_optimization,intermediate,,,,Understanding Quantization: Simplifying Data for Efficiency,Quantization is the process of converting continuous or high-precision data into a limited set of discrete values. This technique is commonly used in machine learning and digital signal processing to reduce model size and speed up computations while maintaining acceptable accuracy.,"Imagine turning a detailed color photograph into a simpler image with fewer colors, like reducing a full spectrum into a limited palette to save space but still keep the main picture recognizable.","Quantization helps deploy complex models on devices with limited resources, such as smartphones, by optimizing memory usage and processing speed without heavily sacrificing performance.","Quantization is like turning detailed data into simpler, limited values to make things faster and smaller. Imagine taking a colorful photo and reducing it to fewer colors to save space but still keep the main image clear. This process is important because it allows complex models to run efficiently on devices like phones without losing too much accuracy.",gpt-4.1-mini,v1
concept_030,What is latency in AI systems?,training_and_optimization,beginner,,,,Understanding Latency: The Delay in AI Responses,Latency in AI systems is the time it takes for the system to process input and deliver an output. It measures the delay between when you ask a question and when the AI provides an answer.,Imagine you're ordering food at a restaurant and waiting for the chef to prepare your meal; the waiting time before your food arrives is like latency in AI.,"Lower latency means faster responses, which improves user experience and makes AI systems more efficient in real-world applications.","Latency in AI systems is the time it takes for the system to process your input and give you an answer. Imagine ordering food at a restaurant and waiting for the chef to prepare your meal; the waiting time before your food arrives is like latency in AI. When latency is low, responses come faster, making the experience smoother and more efficient.",gpt-4.1-mini,v1
concept_031,What is an AI agent?,ai_applications,beginner,,,,What is an AI Agent?,"An AI agent is a computer program that can perceive its environment and take actions to achieve specific goals. It works by gathering information, making decisions, and acting automatically without needing constant human help.","Think of an AI agent like a self-driving car that senses the road around it, decides where to go, and drives itself safely to the destination.","AI agents help automate tasks, making technology smarter and more useful in everyday life, from virtual assistants to smart home devices.","An AI agent is a program that can see what's around it and take actions to reach a goal all on its own. Imagine it like a self-driving car that senses the road, decides where to go, and drives itself safely to get there.",gpt-4.1-mini,v1
concept_032,How do chatbots work?,ai_applications,beginner,,,,How Chatbots Understand and Respond to You,Chatbots are computer programs designed to talk with people by understanding their questions and giving helpful answers. They use patterns in language to figure out what you mean and respond quickly. This makes it easy to get information or support anytime.,Imagine a helpful shop assistant who listens carefully to your questions and guides you to what you need without delay.,"Chatbots make it simple and fast to get help or information without waiting for a person, saving time and improving customer experiences.",Chatbots are computer programs that talk with people by understanding their questions and giving helpful answers. Imagine a helpful shop assistant who listens carefully to your questions and guides you to what you need without delay. This makes it easy to get information or support anytime.,gpt-4.1-mini,v1
concept_033,What is computer vision?,ai_applications,beginner,,,,Understanding Computer Vision: How Machines See the World,"Computer vision is a field of artificial intelligence that teaches computers to interpret and understand images and videos, just like humans do. It allows machines to recognize objects, faces, and scenes to make decisions based on visual data.",Imagine teaching a child to recognize different animals by showing them pictures; computer vision works similarly by helping computers learn to identify what they 'see' in images.,"Computer vision is important because it powers technologies like facial recognition, self-driving cars, and medical image analysis, making these systems smarter and more helpful.","Computer vision is a part of artificial intelligence that helps computers understand images and videos, much like how a child learns to recognize animals by looking at pictures. This technology is key to making things like facial recognition and self-driving cars work effectively.",gpt-4.1-mini,v1
concept_034,What is speech-to-text?,ai_applications,beginner,,,,What is Speech-to-Text?,Speech-to-text is a technology that converts spoken words into written text. It allows computers to understand and transcribe what people say in real time or from recordings.,Think of speech-to-text like a smart assistant that listens to your voice and types out your words for you automatically.,"This technology helps people write faster, use voice commands, and improves accessibility for those who have difficulty typing.","Speech-to-text is a technology that turns spoken words into written text. Think of it like a smart assistant that listens to your voice and types out your words for you automatically. It helps people write faster, use voice commands, and makes technology easier to use for everyone.",gpt-4.1-mini,v1
concept_035,What is text-to-speech?,ai_applications,beginner,,,,What is Text-to-Speech and How Does It Work?,Text-to-speech (TTS) is a technology that converts written text into spoken words using a computer voice. It helps people listen to written content instead of reading it themselves.,"Imagine having a helpful friend who reads your favorite book out loud whenever you want, so you can listen instead of reading.","Text-to-speech makes information more accessible to people with reading difficulties or busy schedules, allowing them to absorb content hands-free.","Text-to-speech is a technology that turns written words into spoken sounds using a computer voice. Think of it like having a helpful friend who reads your favorite book out loud for you, so you can listen instead of reading. This is useful because it helps people who find reading hard or who want to learn while doing other things.",gpt-4.1-mini,v1
concept_036,How is AI used in healthcare?,ai_applications,beginner,,,,How AI Helps Improve Healthcare,"AI is used in healthcare to help doctors diagnose diseases, suggest treatments, and manage patient information more efficiently. It can analyze large amounts of medical data quickly, supporting better and faster decisions.",Think of AI as a helpful assistant who can quickly scan through thousands of medical books to find the right answers for a doctor.,This helps doctors provide better care and patients get the right treatment sooner. It can also reduce errors and save time in busy hospitals.,AI is used in healthcare to help doctors diagnose diseases and suggest treatments by quickly analyzing lots of medical information. Think of AI as a helpful assistant who can scan through thousands of medical books fast to find the right answers for a doctor. This support helps doctors give better care and helps patients get treated faster.,gpt-4.1-mini,v1
concept_037,What is an AI hallucination?,evaluation_and_safety,beginner,,,,Understanding AI Hallucinations: When AI Makes Things Up,"An AI hallucination happens when an artificial intelligence system provides information that sounds real but is actually incorrect or made up. This can happen because AI guesses answers based on patterns, not facts. It's important to recognize these mistakes to use AI safely and effectively.",Think of an AI hallucination like a friend who confidently tells you a story that sounds believable but isn't true because they misunderstood or guessed the details.,"Knowing about AI hallucinations helps you double-check AI answers and avoid trusting false information, making your interactions with AI safer and more reliable.",An AI hallucination happens when an AI gives information that sounds real but is actually wrong or made up. Think of it like a friend who confidently tells you a story that seems believable but isn't true because they guessed or misunderstood. Knowing this helps you be careful when using AI and make sure the information you get is correct.,gpt-4.1-mini,v1
concept_038,What is bias in AI?,evaluation_and_safety,beginner,,,,Understanding Bias in AI: When Machines Favor Some Over Others,Bias in AI happens when a computer system makes unfair decisions because of the data it learned from or how it was programmed. This can lead to certain groups being treated differently or unfairly by the AI.,"Think of AI bias like a recipe that only uses certain ingredients; if important flavors are missing, the final dish won’t taste right for everyone.","Recognizing bias in AI is important to ensure technology treats all people fairly and makes safe, accurate decisions.","Bias in AI happens when a computer system makes unfair decisions because of the data it learned from or how it was programmed. Think of AI bias like a recipe that only uses certain ingredients; if important flavors are missing, the final dish won’t taste right for everyone. Understanding this helps us make sure AI treats everyone fairly and works safely.",gpt-4.1-mini,v1
concept_039,What is AI alignment?,evaluation_and_safety,intermediate,,,,Understanding AI Alignment: Keeping AI Goals in Check,"AI alignment refers to the process of ensuring that artificial intelligence systems act according to human values and intentions. It involves designing AI so that its goals and behaviors match what humans actually want, even in complex or unforeseen situations.","Imagine training a dog to fetch a specific toy; AI alignment is like making sure the dog understands exactly which toy you want, not just any object it finds.","Without proper alignment, AI systems might pursue objectives that conflict with human well-being or safety, making alignment crucial for trustworthy and beneficial AI deployment.","AI alignment is about making sure artificial intelligence systems do what humans really want them to do, even when situations get complicated. Think of it like training a dog to fetch a specific toy—you want the dog to understand exactly which toy to bring back, not just any object it finds. This is important because if AI isn’t properly aligned, it could act in ways that harm people or go against our values.",gpt-4.1-mini,v1
concept_040,What is multimodal AI?,ai_applications,beginner,,,,Understanding Multimodal AI: Combining Senses for Smarter Machines,"Multimodal AI is a type of artificial intelligence that can understand and process different kinds of information at the same time, such as text, images, and sounds. This helps AI systems better understand the world, just like humans do by using multiple senses together.","Think of a detective who uses clues from fingerprints, photos, and interviews all at once to solve a case. Multimodal AI works similarly by combining different types of data to make smarter decisions.","Multimodal AI allows technology to interact with us more naturally and helps improve things like virtual assistants, medical diagnosis, and self-driving cars by making sense of complex information.","Multimodal AI is a type of artificial intelligence that can understand and process different kinds of information at the same time, like text, images, and sounds. Think of a detective who uses clues from fingerprints, photos, and interviews all at once to solve a case. Multimodal AI works in a similar way by combining different types of data to make smarter decisions.",gpt-4.1-mini,v1
concept_041,What is transfer learning?,training_and_optimization,intermediate,,,,Unlocking Knowledge: What is Transfer Learning?,"Transfer learning is a technique where a model developed for one task is reused as the starting point for a different but related task. Instead of training a model from scratch, it leverages pre-existing knowledge to improve learning efficiency and performance on the new task.",Think of transfer learning like learning to play the piano after mastering the guitar; your musical skills from guitar help you pick up piano faster than starting with no musical background.,"Transfer learning saves time and resources by building on existing models, enabling faster development and better results, especially when data for the new task is limited.","Transfer learning is when a model trained for one task is used to help with a different but related task, so it doesn't have to start from scratch. Imagine you’ve learned to play the guitar and then decide to learn piano; your musical skills from guitar will help you learn piano much faster. This approach saves time and effort, especially when you have limited data for the new task.",gpt-4.1-mini,v1
